{"0.6634470171620939":{"user_id":4},"0.10790363466200792":{"user_id":4},"0.11481363578157677":{"user_id":5},"0.6140319668154048":{"user_id":4}}